{"flutter":{"platforms":{"android":{"default":{"projectId":"ouabootcamp-fb5bc","appId":"1:188672168084:android:8ddf10e4b420d2654de481","fileOutput":"android/app/google-services.json"}},"dart":{"lib/firebase_options.dart":{"projectId":"ouabootcamp-fb5bc","configurations":{"android":"1:188672168084:android:8ddf10e4b420d2654de481","ios":"1:188672168084:ios:d3984f0955ef90b44de481","macos":"1:188672168084:ios:d3984f0955ef90b44de481","web":"1:188672168084:web:738c6e2f0130ac284de481","windows":"1:188672168084:web:ec390caac8007c714de481"}}}}}}